name,age,market_value_est,club,league_country
Teja Paku Alam,14 Mar 1994 (31),"Rp4,35Mlyr.",PERSIB Bandung,Unknown League
Adam Przybek,2 Apr 2000 (25),"Rp1,74Mlyr.",PERSIB Bandung,Unknown League
Fitrah Maulana,24 Mei 2006 (19),"Rp434,54Jt.",PERSIB Bandung,Unknown League
Rhaka Syafaka,11 Feb 2008 (17),-,PERSIB Bandung,Unknown League
Federico Barba,1 Sep 1993 (32),"Rp8,69Mlyr.",PERSIB Bandung,Unknown League
Patricio Matricardi,7 Jan 1994 (32),"Rp6,95Mlyr.",PERSIB Bandung,Unknown League
Frans Putros,14 Jul 1993 (32),"Rp6,08Mlyr.",PERSIB Bandung,Unknown League
Júlio César,21 Mar 1995 (30),"Rp5,21Mlyr.",PERSIB Bandung,Unknown League
Kakang Rudianto,2 Feb 2003 (22),"Rp3,91Mlyr.",PERSIB Bandung,Unknown League
Achmad Jufriyanto,7 Feb 1987 (38),"Rp173,82Jt.",PERSIB Bandung,Unknown League
Dion Markx,29 Jun 2005 (20),-,PERSIB Bandung,Unknown League
Layvin Kurzawa,4 Sep 1992 (33),"Rp13,04Mlyr.",PERSIB Bandung,Unknown League
Kevin Pasha,15 Jan 2007 (19),-,PERSIB Bandung,Unknown League
Zulkifli Lukmansyah,8 Sep 2006 (19),-,PERSIB Bandung,Unknown League
Thom Haye,9 Feb 1995 (30),"Rp17,38Mlyr.",PERSIB Bandung,Unknown League
Alfeandra Dewangga,28 Jun 2001 (24),"Rp3,91Mlyr.",PERSIB Bandung,Unknown League
Robi Darwis,2 Agt 2003 (22),"Rp2,61Mlyr.",PERSIB Bandung,Unknown League
Dedi Kusnandar,23 Jul 1991 (34),"Rp1,74Mlyr.",PERSIB Bandung,Unknown League
Marc Klok,20 Apr 1993 (32),"Rp6,95Mlyr.",PERSIB Bandung,Unknown League
Adam Alis,19 Des 1993 (32),"Rp4,78Mlyr.",PERSIB Bandung,Unknown League
Abdul Aziz,14 Feb 1994 (31),"Rp869,08Jt.",PERSIB Bandung,Unknown League
Nazriel Alfaro,1 Feb 2008 (17),"Rp434,54Jt.",PERSIB Bandung,Unknown League
Berguinho,18 Feb 1997 (28),"Rp4,35Mlyr.",PERSIB Bandung,Unknown League
Luciano Guaycochea,24 Apr 1992 (33),"Rp3,91Mlyr.",PERSIB Bandung,Unknown League
Saddil Ramdani,2 Jan 1999 (27),"Rp5,65Mlyr.",PERSIB Bandung,Unknown League
Eliano Reijnders,23 Okt 2000 (25),"Rp10,43Mlyr.",PERSIB Bandung,Unknown League
Beckham Putra,29 Okt 2001 (24),"Rp6,08Mlyr.",PERSIB Bandung,Unknown League
Febri Hariyadi,19 Feb 1996 (29),"Rp1,74Mlyr.",PERSIB Bandung,Unknown League
Athaya Zahran,22 Jan 2006 (20),-,PERSIB Bandung,Unknown League
Andrew Jung,8 Okt 1997 (28),"Rp8,69Mlyr.",PERSIB Bandung,Unknown League
Uilliam,11 Okt 1994 (31),"Rp4,35Mlyr.",PERSIB Bandung,Unknown League
Ramon Tanque,10 Sep 1998 (27),"Rp3,91Mlyr.",PERSIB Bandung,Unknown League
Andritany,26 Des 1991 (34),"Rp2,61Mlyr.",Persija Jakarta,Unknown League
Carlos Eduardo,24 Feb 1992 (33),"Rp1,30Mlyr.",Persija Jakarta,Unknown League
Hafizh Rizkianur,8 Agt 2006 (19),-,Persija Jakarta,Unknown League
Irham Nadzhofa,11 Feb 2007 (18),-,Persija Jakarta,Unknown League
Rizky Ridho,21 Nov 2001 (24),"Rp11,30Mlyr.",Persija Jakarta,Unknown League
Jordi Amat,21 Mar 1992 (33),"Rp10,43Mlyr.",Persija Jakarta,Unknown League
Paulo Ricardo,13 Jul 1994 (31),"Rp5,21Mlyr.",Persija Jakarta,Unknown League
Thales Lira,6 Apr 1993 (32),"Rp4,78Mlyr.",Persija Jakarta,Unknown League
Dia Syayid,12 Des 2004 (21),"Rp869,08Jt.",Persija Jakarta,Unknown League
Baihaqi Rifai,29 Jul 2006 (19),-,Persija Jakarta,Unknown League
Shayne Pattynama,11 Agt 1998 (27),"Rp6,08Mlyr.",Persija Jakarta,Unknown League
Fajar Fathurrahman,29 Mei 2002 (23),"Rp6,08Mlyr.",Persija Jakarta,Unknown League
Sousa,27 Nov 1994 (31),"Rp4,35Mlyr.",Persija Jakarta,Unknown League
Hanif Sjahbandi,7 Apr 1997 (28),"Rp4,35Mlyr.",Persija Jakarta,Unknown League
Fábio Silva,24 Jul 1997 (28),"Rp4,35Mlyr.",Persija Jakarta,Unknown League
Aditya Warman,2 Feb 2005 (20),"Rp434,54Jt.",Persija Jakarta,Unknown League
Ryo Matsumura,15 Jun 1994 (31),"Rp5,21Mlyr.",Persija Jakarta,Unknown League
Rayhan Hannan,2 Apr 2004 (21),"Rp2,61Mlyr.",Persija Jakarta,Unknown League
Maxwell,11 Feb 1995 (30),"Rp8,69Mlyr.",Persija Jakarta,Unknown League
Witan,8 Okt 2001 (24),"Rp5,21Mlyr.",Persija Jakarta,Unknown League
Dony Tri Pamungkas,11 Jan 2005 (21),"Rp3,48Mlyr.",Persija Jakarta,Unknown League
Arlyansyah Abdulmanan,20 Des 2005 (20),"Rp1,30Mlyr.",Persija Jakarta,Unknown League
Allano,24 Apr 1995 (30),"Rp6,95Mlyr.",Persija Jakarta,Unknown League
Bruno Tubarão,5 Mar 1995 (30),"Rp6,95Mlyr.",Persija Jakarta,Unknown League
Zahaby Gholy,5 Des 2008 (17),-,Persija Jakarta,Unknown League
Alaeddine Ajaraie,5 Jan 1993 (33),"Rp6,08Mlyr.",Persija Jakarta,Unknown League
Gustavo,25 Jul 1996 (29),"Rp5,21Mlyr.",Persija Jakarta,Unknown League
Eksel Runtukahu,2 Sep 1998 (27),"Rp3,48Mlyr.",Persija Jakarta,Unknown League
Mike Hauptmeijer,18 Mar 1997 (28),"Rp3,48Mlyr.",Bali United FC,Unknown League
Fitrul Rustapa,5 Jun 1995 (30),"Rp2,17Mlyr.",Bali United FC,Unknown League
Dikri Yusron,8 Jan 1995 (31),"Rp1,30Mlyr.",Bali United FC,Unknown League
Wayan Arta,1 Okt 2006 (19),"Rp173,82Jt.",Bali United FC,Unknown League
Kadek Arel,4 Apr 2005 (20),"Rp4,35Mlyr.",Bali United FC,Unknown League
João Ferrari,25 Jun 1997 (28),"Rp2,61Mlyr.",Bali United FC,Unknown League
Bagas Adi,8 Mar 1997 (28),"Rp1,74Mlyr.",Bali United FC,Unknown League
Putu Panji,2 Apr 2008 (17),-,Bali United FC,Unknown League
Ricky Fajrin,6 Sep 1995 (30),"Rp5,65Mlyr.",Bali United FC,Unknown League
Yusuf Meilana,4 Mei 1998 (27),"Rp3,48Mlyr.",Bali United FC,Unknown League
Agus Mahendra,1 Jun 2002 (23),"Rp434,54Jt.",Bali United FC,Unknown League
Made Andhika,12 Jul 1996 (29),"Rp4,35Mlyr.",Bali United FC,Unknown League
Rizky Dwi,22 Feb 1997 (28),"Rp3,04Mlyr.",Bali United FC,Unknown League
Brandon Wilson,28 Jan 1997 (29),"Rp4,78Mlyr.",Bali United FC,Unknown League
Made Tito,31 Jul 2003 (22),"Rp2,17Mlyr.",Bali United FC,Unknown League
Tim Receveur,30 Jul 1991 (34),"Rp1,74Mlyr.",Bali United FC,Unknown League
Reyner Barusu,27 Des 2005 (20),-,Bali United FC,Unknown League
Kadek Agung,25 Jun 1998 (27),"Rp3,91Mlyr.",Bali United FC,Unknown League
Teppei Yachida,1 Nov 2001 (24),"Rp10,43Mlyr.",Bali United FC,Unknown League
Jordy Bruijn,23 Jul 1996 (29),"Rp5,21Mlyr.",Bali United FC,Unknown League
Mirza Mustafic,20 Jun 1998 (27),"Rp5,21Mlyr.",Bali United FC,Unknown League
Maouri Simon,9 Nov 2006 (19),"Rp869,08Jt.",Bali United FC,Unknown League
Diego Campos,1 Okt 1995 (30),"Rp10,43Mlyr.",Bali United FC,Unknown League
Rahmat,28 Mei 1988 (37),"Rp173,82Jt.",Bali United FC,Unknown League
Thijmen Goppel,16 Feb 1997 (28),"Rp10,43Mlyr.",Bali United FC,Unknown League
Irfan Jaya,1 Mei 1996 (29),"Rp3,91Mlyr.",Bali United FC,Unknown League
Rahmat Arjuna,30 Apr 2004 (21),"Rp2,61Mlyr.",Bali United FC,Unknown League
Nathan Ari,3 Agt 2006 (19),-,Bali United FC,Unknown League
Boris Kopitovic,27 Apr 1995 (30),"Rp4,78Mlyr.",Bali United FC,Unknown League
Jens Raven,12 Okt 2005 (20),"Rp1,30Mlyr.",Bali United FC,Unknown League
Sonny Stevens,22 Jun 1992 (33),"Rp5,21Mlyr.",Dewa United Banten FC,Unknown League
Muhammad Natshir,13 Feb 1993 (32),"Rp1,30Mlyr.",Dewa United Banten FC,Unknown League
Yofandani Pranata,9 Apr 2001 (24),"Rp434,54Jt.",Dewa United Banten FC,Unknown League
Dafa Al Gasemi,12 Feb 2008 (17),-,Dewa United Banten FC,Unknown League
Nick Kuipers,8 Okt 1992 (33),"Rp4,35Mlyr.",Dewa United Banten FC,Unknown League
Wahyu Prasetyo,21 Mar 1998 (27),"Rp4,35Mlyr.",Dewa United Banten FC,Unknown League
Cássio Scheid,3 Jan 1994 (32),"Rp4,35Mlyr.",Dewa United Banten FC,Unknown League
Brian Fatari,20 Des 1999 (26),"Rp2,17Mlyr.",Dewa United Banten FC,Unknown League
Edo Febriansyah,25 Jul 1997 (28),"Rp4,78Mlyr.",Dewa United Banten FC,Unknown League
Alta Ballah,30 Des 2000 (25),"Rp3,91Mlyr.",Dewa United Banten FC,Unknown League
Johnathan,4 Apr 1995 (30),"Rp6,08Mlyr.",Dewa United Banten FC,Unknown League
Ady Setiawan,10 Sep 1994 (31),"Rp1,74Mlyr.",Dewa United Banten FC,Unknown League
Rizdjar Nurviat,2 Jan 2006 (20),"Rp1,30Mlyr.",Dewa United Banten FC,Unknown League
Theo Numberi,1 Sep 2001 (24),"Rp1,30Mlyr.",Dewa United Banten FC,Unknown League
Alexis Messidoro,13 Mei 1997 (28),"Rp6,95Mlyr.",Dewa United Banten FC,Unknown League
Jajá,18 Mar 1995 (30),"Rp6,52Mlyr.",Dewa United Banten FC,Unknown League
Kafiatur Rizky,17 Jul 2006 (19),"Rp434,54Jt.",Dewa United Banten FC,Unknown League
Ricky Kambuaya,5 Mei 1996 (29),"Rp5,65Mlyr.",Dewa United Banten FC,Unknown League
Rangga Muslim,13 Mei 1994 (31),"Rp869,08Jt.",Dewa United Banten FC,Unknown League
Noah Sadaoui,14 Sep 1993 (32),"Rp10,43Mlyr.",Dewa United Banten FC,Unknown League
Taisei Marukawa,30 Jan 1997 (29),"Rp5,21Mlyr.",Dewa United Banten FC,Unknown League
Stefano Lilipaly,10 Jan 1990 (36),"Rp3,48Mlyr.",Dewa United Banten FC,Unknown League
Rafael Struick,27 Mar 2003 (22),"Rp2,61Mlyr.",Dewa United Banten FC,Unknown League
Egy Maulana Vikri,7 Jul 2000 (25),"Rp5,65Mlyr.",Dewa United Banten FC,Unknown League
Vico,3 Des 1996 (29),"Rp1,74Mlyr.",Dewa United Banten FC,Unknown League
Alex Martins,8 Jul 1993 (32),"Rp5,65Mlyr.",Dewa United Banten FC,Unknown League
Septian Bagaskara,26 Sep 1997 (28),"Rp3,48Mlyr.",Dewa United Banten FC,Unknown League
Hilmansyah,25 Mei 1997 (28),"Rp3,48Mlyr.",PSM Makassar,Unknown League
Reza Arya,18 Mei 2000 (25),"Rp2,61Mlyr.",PSM Makassar,Unknown League
Poetro Negoro,4 Okt 2007 (18),-,PSM Makassar,Unknown League
Agus Al Faris,19 Agt 2008 (17),-,PSM Makassar,Unknown League
Yuran Fernandes,19 Okt 1994 (31),"Rp6,95Mlyr.",PSM Makassar,Unknown League
Aloísio Neto,16 Agt 1997 (28),"Rp5,21Mlyr.",PSM Makassar,Unknown League
Syahrul Lasinari,24 Des 1999 (26),"Rp3,48Mlyr.",PSM Makassar,Unknown League
Daffa Salman,30 Apr 2002 (23),"Rp1,74Mlyr.",PSM Makassar,Unknown League
Jamil Al Rahman,13 Jan 2007 (19),-,PSM Makassar,Unknown League
Victor Luiz,5 Des 1997 (28),"Rp6,08Mlyr.",PSM Makassar,Unknown League
Mufli Hidayat,7 Agt 2005 (20),"Rp869,08Jt.",PSM Makassar,Unknown League
Akbar Tanjung,16 Mei 1993 (32),"Rp3,91Mlyr.",PSM Makassar,Unknown League
Ananda Raehan,17 Des 2003 (22),"Rp3,04Mlyr.",PSM Makassar,Unknown League
Muhammad Arfan,22 Jan 1998 (28),"Rp2,61Mlyr.",PSM Makassar,Unknown League
Rifky Dwi Septiawan,3 Feb 2002 (23),"Rp1,74Mlyr.",PSM Makassar,Unknown League
Gledson,18 Mei 1995 (30),"Rp1,74Mlyr.",PSM Makassar,Unknown League
Resky Fandi,6 Sep 1999 (26),"Rp1,30Mlyr.",PSM Makassar,Unknown League
Rasyid Bakri,17 Jan 1991 (35),"Rp869,08Jt.",PSM Makassar,Unknown League
Sávio Roberto,30 Apr 1996 (29),"Rp6,08Mlyr.",PSM Makassar,Unknown League
Daisuke Sakai,18 Jan 1997 (29),"Rp4,35Mlyr.",PSM Makassar,Unknown League
Fahrul Aditia,26 Jun 2003 (22),"Rp1,30Mlyr.",PSM Makassar,Unknown League
Rizky Eka Pratama,24 Des 1999 (26),"Rp3,48Mlyr.",PSM Makassar,Unknown League
Victor Dethan,11 Jul 2004 (21),"Rp3,91Mlyr.",PSM Makassar,Unknown League
Abdul Rahman,1 Agt 2002 (23),"Rp2,17Mlyr.",PSM Makassar,Unknown League
Dzaky Asraf,6 Feb 2003 (22),"Rp1,74Mlyr.",PSM Makassar,Unknown League
Gala Pagamo,11 Agt 2006 (19),"Rp869,08Jt.",PSM Makassar,Unknown League
Muh Fahrul,1 Apr 2008 (17),-,PSM Makassar,Unknown League
Luka Cumic,25 Mei 2001 (24),"Rp6,08Mlyr.",PSM Makassar,Unknown League
Alex Tanque,14 Apr 1994 (31),"Rp5,65Mlyr.",PSM Makassar,Unknown League
Abu Razard Kamara,1 Apr 1997 (28),"Rp4,35Mlyr.",PSM Makassar,Unknown League
Ricky Pratama,6 Mei 2003 (22),"Rp2,61Mlyr.",PSM Makassar,Unknown League
Jacques Thémopelé,8 Feb 1998 (27),"Rp2,17Mlyr.",PSM Makassar,Unknown League
Nadeo Argawinata,9 Mar 1997 (28),"Rp6,95Mlyr.",Borneo FC Samarinda,Unknown League
Syahrul Trisna,26 Nov 1995 (30),"Rp2,61Mlyr.",Borneo FC Samarinda,Unknown League
Daffa Fasya,7 Mei 2004 (21),"Rp1,74Mlyr.",Borneo FC Samarinda,Unknown League
Andhika Setiawan,27 Jan 2006 (20),-,Borneo FC Samarinda,Unknown League
Cleylton,19 Mar 1993 (32),"Rp3,91Mlyr.",Borneo FC Samarinda,Unknown League
Komang Teguh,28 Apr 2002 (23),"Rp3,48Mlyr.",Borneo FC Samarinda,Unknown League
Mohammad Al-Husseini,18 Des 2002 (23),"Rp3,04Mlyr.",Borneo FC Samarinda,Unknown League
Caxambu,23 Jan 1997 (29),"Rp4,35Mlyr.",Borneo FC Samarinda,Unknown League
Ardi Idrus,22 Jan 1993 (33),"Rp2,61Mlyr.",Borneo FC Samarinda,Unknown League
Rayhan Utina,8 Agt 2004 (21),"Rp869,08Jt.",Borneo FC Samarinda,Unknown League
Alfharezzi Buffon,28 Apr 2006 (19),"Rp1,30Mlyr.",Borneo FC Samarinda,Unknown League
Diego Michiels,8 Agt 1990 (35),"Rp869,08Jt.",Borneo FC Samarinda,Unknown League
Dika Kuswardani,5 Mar 2003 (22),"Rp434,54Jt.",Borneo FC Samarinda,Unknown League
Christophe Nduwarugira,22 Jun 1994 (31),"Rp6,08Mlyr.",Borneo FC Samarinda,Unknown League
Rivaldo Pakpahan,20 Jan 2003 (23),"Rp3,04Mlyr.",Borneo FC Samarinda,Unknown League
Ahmad Agung,9 Mar 1996 (29),"Rp1,30Mlyr.",Borneo FC Samarinda,Unknown League
Kei Hirose,20 Nov 1995 (30),"Rp6,95Mlyr.",Borneo FC Samarinda,Unknown League
Juan Felipe Villa,10 Okt 1999 (26),"Rp8,69Mlyr.",Borneo FC Samarinda,Unknown League
Marcos Astina,21 Jan 1996 (30),"Rp4,35Mlyr.",Borneo FC Samarinda,Unknown League
Ikhsanul Zikrak,8 Nov 2002 (23),"Rp1,30Mlyr.",Borneo FC Samarinda,Unknown League
Dwiky Hardiansyah,19 Apr 2004 (21),"Rp1,30Mlyr.",Borneo FC Samarinda,Unknown League
Tegar Islami,6 Feb 2006 (19),-,Borneo FC Samarinda,Unknown League
Muhammad Sihran,8 Mar 1999 (26),"Rp3,91Mlyr.",Borneo FC Samarinda,Unknown League
Redzuan Fachgi,8 Mar 2005 (20),"Rp173,82Jt.",Borneo FC Samarinda,Unknown League
Kaio Nunes,11 Jan 1996 (30),-,Borneo FC Samarinda,Unknown League
Mariano Peralta,20 Feb 1998 (27),"Rp10,43Mlyr.",Borneo FC Samarinda,Unknown League
Koldo Obieta,8 Okt 1993 (32),"Rp2,61Mlyr.",Borneo FC Samarinda,Unknown League
Mohammad Khanafi,30 Nov 1997 (28),"Rp1,74Mlyr.",Borneo FC Samarinda,Unknown League
Habibi Jusuf,5 Agt 1998 (27),"Rp1,30Mlyr.",Borneo FC Samarinda,Unknown League
Ousmane Camara,4 Okt 2007 (18),-,Borneo FC Samarinda,Unknown League
Dika Nurdiansyah,27 Okt 2007 (18),-,Borneo FC Samarinda,Unknown League
Cahya Supriadi,11 Feb 2003 (22),"Rp3,91Mlyr.",PSIM Yogyakarta,Unknown League
Harlan Suardi,26 Jan 1999 (27),"Rp2,61Mlyr.",PSIM Yogyakarta,Unknown League
Khairul Fikri,24 Feb 2003 (22),"Rp869,08Jt.",PSIM Yogyakarta,Unknown League
Gilang Ardha,14 Mar 2006 (19),-,PSIM Yogyakarta,Unknown League
Franco Ramos Mingo,18 Sep 1997 (28),"Rp6,08Mlyr.",PSIM Yogyakarta,Unknown League
Yusaku Yamadera,4 Agt 1997 (28),"Rp4,78Mlyr.",PSIM Yogyakarta,Unknown League
Andy Setyo,16 Sep 1997 (28),"Rp2,17Mlyr.",PSIM Yogyakarta,Unknown League
Rendra Teddy,14 Jun 1996 (29),"Rp2,17Mlyr.",PSIM Yogyakarta,Unknown League
Reva Adi,1 Sep 1996 (29),"Rp4,35Mlyr.",PSIM Yogyakarta,Unknown League
Dede Sapari,8 Apr 2004 (21),"Rp1,74Mlyr.",PSIM Yogyakarta,Unknown League
Raka Cahyana,24 Feb 2004 (21),"Rp2,61Mlyr.",PSIM Yogyakarta,Unknown League
Donny Warmerdam,2 Jan 2002 (24),"Rp6,95Mlyr.",PSIM Yogyakarta,Unknown League
Rakhmatsho Rakhmatzoda,6 Apr 2004 (21),"Rp3,48Mlyr.",PSIM Yogyakarta,Unknown League
Rio Hardiawan,29 Des 1996 (29),"Rp2,17Mlyr.",PSIM Yogyakarta,Unknown League
Ghulam Fatkur,11 Apr 1999 (26),"Rp1,74Mlyr.",PSIM Yogyakarta,Unknown League
Ezequiel Vidal,2 Agt 1995 (30),"Rp7,82Mlyr.",PSIM Yogyakarta,Unknown League
Zé Valente,14 Mei 1994 (31),"Rp6,52Mlyr.",PSIM Yogyakarta,Unknown League
Fahreza Sudin,12 Agt 2000 (25),"Rp2,61Mlyr.",PSIM Yogyakarta,Unknown League
Savio Sheva,23 Apr 2001 (24),"Rp2,17Mlyr.",PSIM Yogyakarta,Unknown League
Muhammad Iqbal,27 Okt 2000 (25),"Rp869,08Jt.",PSIM Yogyakarta,Unknown League
Anton Fase,6 Feb 2000 (25),"Rp3,04Mlyr.",PSIM Yogyakarta,Unknown League
Riyatno Abiyoso,18 Jan 1999 (27),"Rp2,17Mlyr.",PSIM Yogyakarta,Unknown League
Andi Irfan,25 Mei 2001 (24),"Rp2,61Mlyr.",PSIM Yogyakarta,Unknown League
Nermin Haljeta,7 Jun 1997 (28),"Rp6,52Mlyr.",PSIM Yogyakarta,Unknown League
Deri Corfe,3 Mar 1998 (27),"Rp3,48Mlyr.",PSIM Yogyakarta,Unknown League
Husna Al Malik,13 Jun 2003 (22),"Rp2,17Mlyr.",Persik Kediri,Unknown League
Léo Navacchio,28 Des 1992 (33),"Rp1,74Mlyr.",Persik Kediri,Unknown League
Rizqi Abhirama,2 Jul 2001 (24),"Rp869,08Jt.",Persik Kediri,Unknown League
Zidane Afreza,4 Apr 2006 (19),-,Persik Kediri,Unknown League
Kiko,25 Mar 2000 (25),"Rp3,91Mlyr.",Persik Kediri,Unknown League
Chechu Meneses,4 Jan 1995 (31),"Rp3,48Mlyr.",Persik Kediri,Unknown League
Hamra Hehanussa,1 Jul 1999 (26),"Rp3,48Mlyr.",Persik Kediri,Unknown League
Mario Yagalo,21 Apr 1993 (32),"Rp1,30Mlyr.",Persik Kediri,Unknown League
Muhamad Firly,16 Jul 1999 (26),"Rp1,30Mlyr.",Persik Kediri,Unknown League
Rezaldi Hehanussa,7 Nov 1995 (30),"Rp2,61Mlyr.",Persik Kediri,Unknown League
Yoga Adiatama,22 Des 1999 (26),"Rp1,74Mlyr.",Persik Kediri,Unknown League
Henhen Herdiana,10 Sep 1995 (30),"Rp2,61Mlyr.",Persik Kediri,Unknown League
Novri Setiawan,11 Nov 1993 (32),"Rp2,17Mlyr.",Persik Kediri,Unknown League
Gavin Kwan,5 Apr 1996 (29),"Rp1,30Mlyr.",Persik Kediri,Unknown League
Imanol García,26 Des 1995 (30),"Rp5,21Mlyr.",Persik Kediri,Unknown League
Bayu Otto,15 Okt 1999 (26),"Rp3,48Mlyr.",Persik Kediri,Unknown League
Telmo Castanheira,13 Apr 1992 (33),"Rp1,74Mlyr.",Persik Kediri,Unknown League
Adi Eko,18 Jan 1994 (32),"Rp1,30Mlyr.",Persik Kediri,Unknown League
Rifqi Ray,22 Jun 2004 (21),"Rp1,30Mlyr.",Persik Kediri,Unknown League
Adrián Luna,12 Apr 1992 (33),"Rp10,43Mlyr.",Persik Kediri,Unknown League
Jon Toral,5 Feb 1995 (30),"Rp8,69Mlyr.",Persik Kediri,Unknown League
Syahrian Abimanyu,25 Apr 1999 (26),"Rp2,61Mlyr.",Persik Kediri,Unknown League
Ezra Walian,22 Okt 1997 (28),"Rp6,08Mlyr.",Persik Kediri,Unknown League
Pedro Matos,19 Feb 1997 (28),"Rp1,30Mlyr.",Persik Kediri,Unknown League
Rendy Sanjaya,11 Apr 2004 (21),"Rp869,08Jt.",Persik Kediri,Unknown League
Wigi Pratama,29 Jul 2004 (21),"Rp869,08Jt.",Persik Kediri,Unknown League
Faris Aditama,19 Feb 1988 (37),"Rp173,82Jt.",Persik Kediri,Unknown League
Irkham Mila,2 Mei 1998 (27),"Rp1,74Mlyr.",Persik Kediri,Unknown League
Supriadi,23 Mei 2002 (23),"Rp1,30Mlyr.",Persik Kediri,Unknown League
José Enrique,26 Agt 1995 (30),"Rp4,35Mlyr.",Persik Kediri,Unknown League
Yandi Sofyan,25 Mei 1992 (33),"Rp1,30Mlyr.",Persik Kediri,Unknown League
Aqil Savik,17 Jan 1999 (27),"Rp2,61Mlyr.",Bhayangkara Presisi Lampung FC,Unknown League
Awan Setho,19 Mar 1997 (28),"Rp2,61Mlyr.",Bhayangkara Presisi Lampung FC,Unknown League
Rakasurya Handika,13 Jun 2000 (25),"Rp869,08Jt.",Bhayangkara Presisi Lampung FC,Unknown League
Sultan Jabbar,30 Jul 2008 (17),-,Bhayangkara Presisi Lampung FC,Unknown League
Muhammad Ferarri,21 Jun 2003 (22),"Rp4,78Mlyr.",Bhayangkara Presisi Lampung FC,Unknown League
Slavko Damjanovic,2 Nov 1992 (33),"Rp3,91Mlyr.",Bhayangkara Presisi Lampung FC,Unknown League
Nehar Sadiki,16 Mar 1998 (27),"Rp3,48Mlyr.",Bhayangkara Presisi Lampung FC,Unknown League
Léo,22 Apr 2000 (25),"Rp2,61Mlyr.",Bhayangkara Presisi Lampung FC,Unknown League
Rahmat Syawal,5 Nov 2005 (20),"Rp869,08Jt.",Bhayangkara Presisi Lampung FC,Unknown League
Ferre Murari,26 Jul 2005 (20),"Rp173,82Jt.",Bhayangkara Presisi Lampung FC,Unknown League
Firza Andika,11 Mei 1999 (26),"Rp4,35Mlyr.",Bhayangkara Presisi Lampung FC,Unknown League
Alan Cardoso,5 Jan 1998 (28),"Rp3,91Mlyr.",Bhayangkara Presisi Lampung FC,Unknown League
Frengky Missa,20 Feb 2004 (21),"Rp2,17Mlyr.",Bhayangkara Presisi Lampung FC,Unknown League
Putu Gede,7 Jun 1995 (30),"Rp3,48Mlyr.",Bhayangkara Presisi Lampung FC,Unknown League
Moisés Gaúcho,24 Sep 1994 (31),"Rp3,48Mlyr.",Bhayangkara Presisi Lampung FC,Unknown League
Evandra Florasta,17 Jun 2008 (17),-,Bhayangkara Presisi Lampung FC,Unknown League
Christian Ilic,22 Jul 1996 (29),"Rp6,08Mlyr.",Bhayangkara Presisi Lampung FC,Unknown League
Lautaro Belleggia,21 Mar 1997 (28),"Rp3,04Mlyr.",Bhayangkara Presisi Lampung FC,Unknown League
TM Ichsan,25 Nov 1997 (28),"Rp1,30Mlyr.",Bhayangkara Presisi Lampung FC,Unknown League
Wahyu Subo Seto,16 Jul 1993 (32),"Rp1,74Mlyr.",Bhayangkara Presisi Lampung FC,Unknown League
Da-bin Ji,3 Mar 2006 (19),-,Bhayangkara Presisi Lampung FC,Unknown League
Stjepan Plazonja,2 Jan 1998 (28),"Rp3,91Mlyr.",Bhayangkara Presisi Lampung FC,Unknown League
Sani Rizki,7 Jan 1998 (28),"Rp2,61Mlyr.",Bhayangkara Presisi Lampung FC,Unknown League
Ginanjar Wahyu,20 Nov 2003 (22),"Rp869,08Jt.",Bhayangkara Presisi Lampung FC,Unknown League
Fadly Alberto,22 Jun 2008 (17),-,Bhayangkara Presisi Lampung FC,Unknown League
Moussa Sidibé,21 Nov 1994 (31),"Rp4,78Mlyr.",Bhayangkara Presisi Lampung FC,Unknown League
Privat Mbarga,7 Jan 1992 (34),"Rp4,35Mlyr.",Bhayangkara Presisi Lampung FC,Unknown League
Ryan Kurnia,28 Jun 1996 (29),"Rp3,04Mlyr.",Bhayangkara Presisi Lampung FC,Unknown League
Fareed Sadat,10 Nov 1998 (27),"Rp3,48Mlyr.",Bhayangkara Presisi Lampung FC,Unknown League
Dendy Sulistyawan,12 Okt 1996 (29),"Rp3,04Mlyr.",Bhayangkara Presisi Lampung FC,Unknown League
Henri Doumbia,11 Nov 1992 (33),"Rp1,74Mlyr.",Bhayangkara Presisi Lampung FC,Unknown League
Ilija Spasojević,11 Sep 1987 (38),"Rp1,30Mlyr.",Bhayangkara Presisi Lampung FC,Unknown League
Ernando Ari,27 Feb 2002 (23),"Rp5,21Mlyr.",Persebaya Surabaya,Unknown League
Andhika Ramadhani,5 Jan 1999 (27),"Rp3,04Mlyr.",Persebaya Surabaya,Unknown League
Muhammad Ilham,7 Mei 2007 (18),-,Persebaya Surabaya,Unknown League
Gustavo Fernandes,5 Jul 1999 (26),"Rp4,35Mlyr.",Persebaya Surabaya,Unknown League
Léo Lelis,15 Nov 1993 (32),"Rp3,04Mlyr.",Persebaya Surabaya,Unknown League
Risto Mitrevski,5 Okt 1991 (34),"Rp2,17Mlyr.",Persebaya Surabaya,Unknown League
Randy May,21 Sep 2000 (25),"Rp434,54Jt.",Persebaya Surabaya,Unknown League
Sheva Kardanu,24 Jan 2005 (21),-,Persebaya Surabaya,Unknown League
Jefferson,3 Jan 1997 (29),"Rp4,35Mlyr.",Persebaya Surabaya,Unknown League
Mikael Tata,10 Mei 2004 (21),"Rp2,61Mlyr.",Persebaya Surabaya,Unknown League
Arief Catur,25 Jul 1999 (26),"Rp3,48Mlyr.",Persebaya Surabaya,Unknown League
Koko Ari,9 Jan 2000 (26),"Rp2,61Mlyr.",Persebaya Surabaya,Unknown League
Rachmat Irianto,3 Sep 1999 (26),"Rp4,35Mlyr.",Persebaya Surabaya,Unknown League
Sadida Putra,26 Apr 2005 (20),"Rp434,54Jt.",Persebaya Surabaya,Unknown League
Milos Raickovic,2 Des 1993 (32),"Rp3,48Mlyr.",Persebaya Surabaya,Unknown League
Bruno Paraíba,20 Jul 1994 (31),"Rp3,04Mlyr.",Persebaya Surabaya,Unknown League
Toni Firmansyah,14 Jan 2005 (21),"Rp2,17Mlyr.",Persebaya Surabaya,Unknown League
Ichsas Baihaqi,17 Mar 2007 (18),"Rp869,08Jt.",Persebaya Surabaya,Unknown League
Francisco Rivera,23 Sep 1994 (31),"Rp6,95Mlyr.",Persebaya Surabaya,Unknown League
Pedro Matos,11 Mei 1998 (27),"Rp2,17Mlyr.",Persebaya Surabaya,Unknown League
Bruno,8 Apr 1999 (26),"Rp6,95Mlyr.",Persebaya Surabaya,Unknown League
Gali Freitas, (-),"Rp3,48Mlyr.",Persebaya Surabaya,Unknown League
Malik Risaldi,23 Okt 1996 (29),"Rp4,78Mlyr.",Persebaya Surabaya,Unknown League
Oktafianus Fernando,4 Okt 1993 (32),"Rp869,08Jt.",Persebaya Surabaya,Unknown League
Alfan Suaib,24 Mar 2004 (21),"Rp869,08Jt.",Persebaya Surabaya,Unknown League
Dimas Wicaksono,16 Jul 2007 (18),"Rp434,54Jt.",Persebaya Surabaya,Unknown League
Mihailo Perovic,23 Jan 1997 (29),"Rp4,35Mlyr.",Persebaya Surabaya,Unknown League
Muhamad Riyandi,3 Jan 2000 (26),"Rp3,04Mlyr.",PERSIS Solo,Unknown League
Vukasin Vranes,22 Jul 1997 (28),"Rp1,74Mlyr.",PERSIS Solo,Unknown League
Gede Aditya,4 Jul 2004 (21),"Rp173,82Jt.",PERSIS Solo,Unknown League
Faza Al Firdaus,6 Agt 2005 (20),-,PERSIS Solo,Unknown League
Xandro Schenk,28 Apr 1993 (32),"Rp4,78Mlyr.",PERSIS Solo,Unknown League
Luka Dumancic,27 Okt 1998 (27),"Rp3,48Mlyr.",PERSIS Solo,Unknown League
Kadek Raditya,13 Jun 1999 (26),"Rp2,61Mlyr.",PERSIS Solo,Unknown League
Agung Mannan,6 Agt 1998 (27),"Rp1,30Mlyr.",PERSIS Solo,Unknown League
Rian Miziar,13 Okt 1990 (35),"Rp434,54Jt.",PERSIS Solo,Unknown League
Yulfikar Mansur,25 Feb 2006 (19),-,PERSIS Solo,Unknown League
Faqih Maulana,11 Sep 2004 (21),"Rp1,74Mlyr.",PERSIS Solo,Unknown League
Dusan Mijic,22 Jun 1993 (32),"Rp3,48Mlyr.",PERSIS Solo,Unknown League
Alfriyanto Nico,3 Apr 2003 (22),"Rp2,61Mlyr.",PERSIS Solo,Unknown League
Ibrahim Sanjaya,26 Agt 1997 (28),"Rp1,30Mlyr.",PERSIS Solo,Unknown League
Eky Taufik,15 Feb 1991 (34),"Rp869,08Jt.",PERSIS Solo,Unknown League
Rizky Syahputra,27 Jun 2006 (19),-,PERSIS Solo,Unknown League
Andrei Alba,14 Jan 1995 (31),"Rp3,91Mlyr.",PERSIS Solo,Unknown League
Fuad Sule,20 Jan 1997 (29),"Rp3,48Mlyr.",PERSIS Solo,Unknown League
Sutanto Tan,4 Mei 1994 (31),"Rp3,04Mlyr.",PERSIS Solo,Unknown League
Mateo Kocijan,27 Mar 1995 (30),"Rp2,61Mlyr.",PERSIS Solo,Unknown League
Zulfahmi Arifin,5 Okt 1991 (34),"Rp869,08Jt.",PERSIS Solo,Unknown League
Miroslav Maricic,21 Jan 1998 (28),"Rp3,48Mlyr.",PERSIS Solo,Unknown League
Zanadin Fariz,31 Mei 2004 (21),"Rp2,17Mlyr.",PERSIS Solo,Unknown League
Adriano Castanheira,7 Apr 1993 (32),"Rp2,61Mlyr.",PERSIS Solo,Unknown League
Rexo Dolby,18 Nov 2005 (20),-,PERSIS Solo,Unknown League
Sho Yamamoto,12 Nov 1996 (29),"Rp4,35Mlyr.",PERSIS Solo,Unknown League
Irfan Jauhari,31 Jan 2001 (25),"Rp2,61Mlyr.",PERSIS Solo,Unknown League
Yabes Roni,6 Feb 1995 (30),"Rp1,74Mlyr.",PERSIS Solo,Unknown League
Althaf Alrizky,6 Jan 2003 (23),"Rp2,61Mlyr.",PERSIS Solo,Unknown League
Ikhwan Tanamal,28 Des 2003 (22),"Rp1,30Mlyr.",PERSIS Solo,Unknown League
Clayton,23 Okt 1995 (30),"Rp4,35Mlyr.",PERSIS Solo,Unknown League
Roman Paparyga,9 Jul 1999 (26),"Rp4,35Mlyr.",PERSIS Solo,Unknown League
Kodai Tanaka,23 Des 1999 (26),"Rp3,91Mlyr.",PERSIS Solo,Unknown League
Arkhan Kaka,2 Sep 2007 (18),"Rp1,30Mlyr.",PERSIS Solo,Unknown League
Angga Saputro,30 Nov 1993 (32),"Rp2,61Mlyr.",Malut United FC,Unknown League
Alan,22 Jun 1994 (31),"Rp2,61Mlyr.",Malut United FC,Unknown League
Muhammad Ridwan,26 Mar 1991 (34),"Rp869,08Jt.",Malut United FC,Unknown League
Zahir Fazya, (-),-,Malut United FC,Unknown League
Gustavo França,20 Jul 1996 (29),"Rp6,08Mlyr.",Malut United FC,Unknown League
Safrudin Tahar,13 Des 1993 (32),"Rp3,91Mlyr.",Malut United FC,Unknown League
Nilson Júnior,9 Sep 1991 (34),"Rp1,74Mlyr.",Malut United FC,Unknown League
Riswan Lauhin,8 Agt 1998 (27),"Rp1,30Mlyr.",Malut United FC,Unknown League
Yance Sayuri,22 Sep 1997 (28),"Rp5,65Mlyr.",Malut United FC,Unknown League
Abduh Lestaluhu,16 Okt 1993 (32),"Rp2,17Mlyr.",Malut United FC,Unknown League
Igor Inocêncio,20 Apr 1998 (27),"Rp4,35Mlyr.",Malut United FC,Unknown League
Fredyan Wahyu,11 Apr 1998 (27),"Rp1,74Mlyr.",Malut United FC,Unknown League
Mardani Majid,16 Apr 2005 (20),-,Malut United FC,Unknown League
Manahati Lestusen,17 Des 1993 (32),"Rp3,04Mlyr.",Malut United FC,Unknown League
Wbeymar Angulo,6 Mar 1992 (33),"Rp2,61Mlyr.",Malut United FC,Unknown League
Alwi Slamat,16 Des 1998 (27),"Rp2,61Mlyr.",Malut United FC,Unknown League
Tri Setiawan,20 Mei 2004 (21),"Rp1,74Mlyr.",Malut United FC,Unknown League
Ridho Syuhada,18 Jun 2004 (21),"Rp1,30Mlyr.",Malut United FC,Unknown League
Lucas Cardoso,8 Jun 1996 (29),"Rp6,08Mlyr.",Malut United FC,Unknown League
Rizky Pellu,26 Jun 1992 (33),-,Malut United FC,Unknown League
Septian David,2 Sep 1996 (29),"Rp3,04Mlyr.",Malut United FC,Unknown League
Tyronne,27 Jan 1991 (35),"Rp1,74Mlyr.",Malut United FC,Unknown League
Frets Butuan,4 Jun 1996 (29),"Rp2,61Mlyr.",Malut United FC,Unknown League
Yakob Sayuri,22 Sep 1997 (28),"Rp6,95Mlyr.",Malut United FC,Unknown League
Ciro Alves,18 Apr 1989 (36),"Rp3,48Mlyr.",Malut United FC,Unknown League
Riyan Ardiansyah,14 Mei 1996 (29),"Rp1,74Mlyr.",Malut United FC,Unknown League
Taufik Rustam,21 Feb 2005 (20),"Rp434,54Jt.",Malut United FC,Unknown League
Dimas Drajad,30 Mar 1997 (28),"Rp3,04Mlyr.",Malut United FC,Unknown League
David da Silva,12 Nov 1989 (36),"Rp2,17Mlyr.",Malut United FC,Unknown League
Igor Rodrigues,5 Mei 1995 (30),"Rp6,08Mlyr.",Persita Tangerang,Unknown League
Kartika Ajie,20 Jun 1996 (29),"Rp1,74Mlyr.",Persita Tangerang,Unknown League
Rizwan Haikal,16 Apr 2004 (21),-,Persita Tangerang,Unknown League
Rafi Pamungkas,31 Jul 2005 (20),-,Persita Tangerang,Unknown League
Tamirlan Kozubaev,1 Jul 1994 (31),"Rp7,82Mlyr.",Persita Tangerang,Unknown League
Javlon Guseynov,24 Jun 1991 (34),"Rp3,04Mlyr.",Persita Tangerang,Unknown League
Ryuji Utomo,1 Jul 1995 (30),"Rp2,61Mlyr.",Persita Tangerang,Unknown League
Charisma Fathoni,25 Feb 2001 (24),"Rp1,30Mlyr.",Persita Tangerang,Unknown League
Mario Jardel,7 Nov 2000 (25),"Rp3,04Mlyr.",Persita Tangerang,Unknown League
Zalnando,25 Des 1996 (29),"Rp1,74Mlyr.",Persita Tangerang,Unknown League
Muhammad Toha,30 Jun 1997 (28),"Rp5,21Mlyr.",Persita Tangerang,Unknown League
Fairuz Ohorella,17 Mar 2002 (23),-,Persita Tangerang,Unknown League
Sin-young Bae,11 Jun 1992 (33),"Rp3,04Mlyr.",Persita Tangerang,Unknown League
Badrian Ilham,11 Jun 2002 (23),"Rp1,30Mlyr.",Persita Tangerang,Unknown League
Ahmad Fahd,16 Des 2003 (22),"Rp869,08Jt.",Persita Tangerang,Unknown League
Andrean Rindorindo,2 Mei 2004 (21),"Rp869,08Jt.",Persita Tangerang,Unknown League
Pablo Ganet,4 Nov 1994 (31),"Rp5,21Mlyr.",Persita Tangerang,Unknown League
Ramón Bueno,7 Feb 1995 (30),"Rp2,61Mlyr.",Persita Tangerang,Unknown League
Éber Bessa,21 Mar 1992 (33),"Rp1,74Mlyr.",Persita Tangerang,Unknown League
Jack Brown,2 Nov 2001 (24),"Rp869,08Jt.",Persita Tangerang,Unknown League
Aleksa Andrejic,24 Jan 1993 (33),"Rp2,61Mlyr.",Persita Tangerang,Unknown League
Esal Sahrul,14 Mar 2002 (23),"Rp1,74Mlyr.",Persita Tangerang,Unknown League
Yardan Yafi,15 Jan 2004 (22),"Rp1,30Mlyr.",Persita Tangerang,Unknown League
Evan Tuhuteru,9 Jul 2006 (19),-,Persita Tangerang,Unknown League
Cois Artomoro,2 Apr 2003 (22),-,Persita Tangerang,Unknown League
Andriano Saputra,3 Mar 2004 (21),-,Persita Tangerang,Unknown League
Rayco Rodríguez,24 Nov 1996 (29),"Rp6,08Mlyr.",Persita Tangerang,Unknown League
Dafiq Firdaus,28 Apr 2004 (21),-,Persita Tangerang,Unknown League
Hokky Caraka,21 Agt 2004 (21),"Rp3,48Mlyr.",Persita Tangerang,Unknown League
Ahmad Nur Hardianto,6 Mar 1995 (30),"Rp2,61Mlyr.",Persita Tangerang,Unknown League
Dejan Racic,15 Jul 1998 (27),"Rp2,61Mlyr.",Persita Tangerang,Unknown League
Matheus Alves,19 Mei 1993 (32),"Rp2,17Mlyr.",Persita Tangerang,Unknown League
Adi Satryo,7 Jul 2001 (24),"Rp3,91Mlyr.",Arema FC,Unknown League
Gianluca Pandeynuwu,9 Nov 1997 (28),"Rp2,61Mlyr.",Arema FC,Unknown League
Lucas Frigeri,15 Jun 1989 (36),"Rp869,08Jt.",Arema FC,Unknown League
Andrian Casvari,30 Jun 1999 (26),"Rp173,82Jt.",Arema FC,Unknown League
Hansamu Yama,16 Jan 1995 (31),"Rp2,61Mlyr.",Arema FC,Unknown League
Luiz Gustavo,12 Feb 1994 (31),"Rp2,17Mlyr.",Arema FC,Unknown League
Anwar Rifai,23 Jan 2001 (25),"Rp1,30Mlyr.",Arema FC,Unknown League
Odivan,12 Jan 1999 (27),"Rp869,08Jt.",Arema FC,Unknown League
Iksan Lestaluhu,13 Okt 2003 (22),"Rp1,30Mlyr.",Arema FC,Unknown League
Johan Alfarizi,25 Mei 1990 (35),"Rp173,82Jt.",Arema FC,Unknown League
Rio Fahmi,6 Okt 2001 (24),"Rp5,21Mlyr.",Arema FC,Unknown League
Achmad Maulana,24 Apr 2003 (22),"Rp3,04Mlyr.",Arema FC,Unknown League
Rifad Marasabessy,7 Jul 1999 (26),"Rp1,74Mlyr.",Arema FC,Unknown League
Bayu Setiawan,27 Des 1998 (27),"Rp1,30Mlyr.",Arema FC,Unknown League
Alfiansyah,29 Okt 2003 (22),-,Arema FC,Unknown League
Matheus Blade,15 Mei 1997 (28),"Rp3,04Mlyr.",Arema FC,Unknown League
Pablo Oliveira,24 Mei 1995 (30),"Rp1,74Mlyr.",Arema FC,Unknown League
Betinho,4 Apr 1992 (33),"Rp1,74Mlyr.",Arema FC,Unknown League
Jayus Hariono,27 Jan 1997 (29),"Rp1,30Mlyr.",Arema FC,Unknown League
Aswin,10 Mei 2003 (22),-,Arema FC,Unknown League
Arkhan Fikri,28 Des 2004 (21),"Rp4,78Mlyr.",Arema FC,Unknown League
Julián Guevara,4 Mei 1992 (33),"Rp2,17Mlyr.",Arema FC,Unknown League
Samuel Balinsa,8 Mar 1999 (26),"Rp1,30Mlyr.",Arema FC,Unknown League
Gustavo França,24 Apr 1998 (27),"Rp4,78Mlyr.",Arema FC,Unknown League
Valdeci,26 Mar 1995 (30),"Rp4,35Mlyr.",Arema FC,Unknown League
Gabriel Silva,8 Apr 1997 (28),"Rp3,91Mlyr.",Arema FC,Unknown League
Salim Tuharea,13 Feb 2004 (21),"Rp2,17Mlyr.",Arema FC,Unknown League
Dwiki Mardiyanto,21 Mar 2000 (25),"Rp1,30Mlyr.",Arema FC,Unknown League
Fikri Arjidan,8 Feb 2004 (21),"Rp434,54Jt.",Arema FC,Unknown League
Dendi Santoso,16 Mei 1990 (35),"Rp434,54Jt.",Arema FC,Unknown League
Dalberto,15 Sep 1994 (31),"Rp5,21Mlyr.",Arema FC,Unknown League
Joel Vinícius,25 Nov 1994 (31),"Rp2,61Mlyr.",Arema FC,Unknown League
Dedik Setiawan,27 Jun 1994 (31),"Rp2,17Mlyr.",Arema FC,Unknown League
Razzaa Fachrezi,4 Jun 2004 (21),-,Arema FC,Unknown League
Agusti Ardiansyah,8 Agt 2007 (18),-,Arema FC,Unknown League
Dimas Aryaguna,9 Agt 2005 (20),-,Arema FC,Unknown League
Arthur Augusto,29 Agt 1999 (26),"Rp3,91Mlyr.",Semen Padang FC,Unknown League
Rendy Oscario,7 Okt 1998 (27),"Rp1,30Mlyr.",Semen Padang FC,Unknown League
Teguh Amiruddin,13 Agt 1993 (32),"Rp869,08Jt.",Semen Padang FC,Unknown League
Farel Putra,16 Agt 2007 (18),"Rp173,82Jt.",Semen Padang FC,Unknown League
Iqbal Bachtiar,2 Mei 1998 (27),-,Semen Padang FC,Unknown League
Ângelo Meneses,3 Jul 1993 (32),"Rp4,35Mlyr.",Semen Padang FC,Unknown League
Jaime Giraldo,8 Feb 1998 (27),"Rp3,48Mlyr.",Semen Padang FC,Unknown League
Tin Martic,27 Mar 1996 (29),"Rp2,61Mlyr.",Semen Padang FC,Unknown League
Rui Rampa,6 Sep 1992 (33),"Rp1,30Mlyr.",Semen Padang FC,Unknown League
Asyraq Gufron,9 Feb 1996 (29),-,Semen Padang FC,Unknown League
Leo Guntara,17 Agt 1994 (31),"Rp3,48Mlyr.",Semen Padang FC,Unknown League
Samuel Simanjuntak,31 Jul 1999 (26),"Rp1,30Mlyr.",Semen Padang FC,Unknown League
Ravy Tsouka,23 Des 1994 (31),"Rp5,21Mlyr.",Semen Padang FC,Unknown League
Zidane Afandi,25 Feb 2002 (23),"Rp869,08Jt.",Semen Padang FC,Unknown League
Ghifari Azhhari,15 Sep 2007 (18),-,Semen Padang FC,Unknown League
Boubakary Diarra,30 Agt 1993 (32),"Rp4,35Mlyr.",Semen Padang FC,Unknown League
Rosad Setiawan,9 Agt 1996 (29),"Rp3,04Mlyr.",Semen Padang FC,Unknown League
Ripal Wahyudi,10 Okt 2000 (25),"Rp2,17Mlyr.",Semen Padang FC,Unknown League
Ricki Ariansyah,10 Jun 1997 (28),"Rp1,74Mlyr.",Semen Padang FC,Unknown League
Alhassan Wakaso,7 Jan 1992 (34),"Rp869,08Jt.",Semen Padang FC,Unknown League
Dimas Saputra,15 Sep 1996 (29),"Rp434,54Jt.",Semen Padang FC,Unknown League
Kazaki Nakagawa,3 Jul 1995 (30),"Rp3,48Mlyr.",Semen Padang FC,Unknown League
Kianz Froese,16 Apr 1996 (29),"Rp2,61Mlyr.",Semen Padang FC,Unknown League
Maicon,16 Mar 1996 (29),"Rp4,78Mlyr.",Semen Padang FC,Unknown League
Firman Juliansyah,7 Jul 2003 (22),"Rp2,17Mlyr.",Semen Padang FC,Unknown League
Armando Oropa,31 Agt 2003 (22),"Rp1,74Mlyr.",Semen Padang FC,Unknown League
Irsyad Maulana,27 Sep 1993 (32),"Rp1,30Mlyr.",Semen Padang FC,Unknown League
Kasim Botan,14 Apr 1997 (28),"Rp1,74Mlyr.",Semen Padang FC,Unknown League
Ronaldo Kwateh,19 Okt 2004 (21),"Rp1,30Mlyr.",Semen Padang FC,Unknown League
Ferdiansyah,15 Jul 2003 (22),"Rp869,08Jt.",Semen Padang FC,Unknown League
Febrian Triyanto,11 Feb 2004 (21),"Rp434,54Jt.",Semen Padang FC,Unknown League
Guillermo Fernández,23 Mei 1993 (32),"Rp5,21Mlyr.",Semen Padang FC,Unknown League
Muhammad Ridwan,13 Jun 2000 (25),"Rp1,30Mlyr.",Semen Padang FC,Unknown League
Syaiful Asri,1 Feb 2006 (19),-,Semen Padang FC,Unknown League
Aditya Sentosa,6 Feb 2006 (19),-,Semen Padang FC,Unknown League
Rodrigo Moura,25 Jan 1996 (30),"Rp2,61Mlyr.",Persijap Jepara,Unknown League
Sendri Johansah,11 Jun 1993 (32),"Rp1,30Mlyr.",Persijap Jepara,Unknown League
Ardiansyah,28 Mar 2003 (22),"Rp869,08Jt.",Persijap Jepara,Unknown League
Sheva Sanggasi,1 Mei 2004 (21),"Rp434,54Jt.",Persijap Jepara,Unknown League
Raufa Aghastya,25 Nov 2005 (20),-,Persijap Jepara,Unknown League
Tiri,14 Jul 1991 (34),"Rp3,48Mlyr.",Persijap Jepara,Unknown League
Diogo Brito,16 Jun 1999 (26),"Rp3,04Mlyr.",Persijap Jepara,Unknown League
Akbar Arjunsyah,21 Jul 2001 (24),"Rp869,08Jt.",Persijap Jepara,Unknown League
Firman Ramadhan,7 Nov 2003 (22),"Rp869,08Jt.",Persijap Jepara,Unknown League
Buyung Ismu,8 Mei 1999 (26),"Rp869,08Jt.",Persijap Jepara,Unknown League
Rahmat Hidayat,19 Jun 2002 (23),"Rp1,74Mlyr.",Persijap Jepara,Unknown League
Aly Ndom,30 Mei 1996 (29),"Rp3,04Mlyr.",Persijap Jepara,Unknown League
Wahyudi Hamisi,28 Jul 1997 (28),"Rp2,17Mlyr.",Persijap Jepara,Unknown League
Restu Akbar,6 Mei 2003 (22),"Rp869,08Jt.",Persijap Jepara,Unknown League
Zahran Alamsah,6 Agt 2003 (22),"Rp434,54Jt.",Persijap Jepara,Unknown League
Heriansyah Yan,3 Sep 2003 (22),-,Persijap Jepara,Unknown League
Borja Martínez,8 Feb 1995 (30),"Rp4,78Mlyr.",Persijap Jepara,Unknown League
Felix Marcelino,20 Mar 2005 (20),-,Persijap Jepara,Unknown League
Borja Herrera,8 Jan 1993 (33),"Rp4,78Mlyr.",Persijap Jepara,Unknown League
Alexis Gómez,28 Feb 2000 (25),"Rp4,35Mlyr.",Persijap Jepara,Unknown League
Adzikry Fadlillah,26 Feb 2003 (22),"Rp1,30Mlyr.",Persijap Jepara,Unknown League
Iker Guarrotxena,6 Des 1992 (33),"Rp5,65Mlyr.",Persijap Jepara,Unknown League
Indra Arya,1 Jul 2003 (22),"Rp2,17Mlyr.",Persijap Jepara,Unknown League
Ardi Ardiana,22 Des 2003 (22),"Rp869,08Jt.",Persijap Jepara,Unknown League
Najeeb Yakubu,1 Mei 2000 (25),"Rp6,08Mlyr.",Persijap Jepara,Unknown League
Dicky Kurniawan,6 Jun 2002 (23),"Rp1,74Mlyr.",Persijap Jepara,Unknown League
Ambrizal Umanailo,12 Jun 1996 (29),"Rp1,30Mlyr.",Persijap Jepara,Unknown League
Rendi Saepul,21 Mei 2005 (20),"Rp869,08Jt.",Persijap Jepara,Unknown League
Prince Kallon,3 Feb 2002 (23),"Rp869,08Jt.",Persijap Jepara,Unknown League
Seva Setiadi,17 Feb 2007 (18),-,Persijap Jepara,Unknown League
Carlos França,9 Feb 1995 (30),"Rp6,95Mlyr.",Persijap Jepara,Unknown League
Abdallah Sudi,5 Jan 2000 (26),"Rp2,17Mlyr.",Persijap Jepara,Unknown League
Miswar Saputra,19 Apr 1996 (29),"Rp1,74Mlyr.",Madura United FC,Unknown League
Mochammad Diky,4 Jun 1997 (28),"Rp1,30Mlyr.",Madura United FC,Unknown League
Satrio Azhar,16 Mei 2001 (24),"Rp434,54Jt.",Madura United FC,Unknown League
Adhitya Harlan,17 Jun 1987 (38),"Rp173,82Jt.",Madura United FC,Unknown League
Rendy Razzaqu,8 Jan 2008 (18),-,Madura United FC,Unknown League
Ruxi,11 Apr 1995 (30),"Rp5,21Mlyr.",Madura United FC,Unknown League
Pedro Monteiro,30 Jan 1994 (32),"Rp4,35Mlyr.",Madura United FC,Unknown League
Ahmad Rusadi,4 Apr 2003 (22),"Rp1,74Mlyr.",Madura United FC,Unknown League
Mendonça,15 Agt 1995 (30),"Rp1,74Mlyr.",Madura United FC,Unknown League
Nurdiansyah,18 Des 1998 (27),"Rp1,30Mlyr.",Madura United FC,Unknown League
Taufik Hidayat,20 Mar 1993 (32),"Rp1,74Mlyr.",Madura United FC,Unknown League
Novan Sasongko,26 Nov 1989 (36),"Rp173,82Jt.",Madura United FC,Unknown League
Giovani Numberi,22 Apr 2000 (25),"Rp2,17Mlyr.",Madura United FC,Unknown League
Ferian Rizki,18 Jan 2003 (23),"Rp1,74Mlyr.",Madura United FC,Unknown League
Kartika Vedhayanto,25 Jan 2002 (24),"Rp869,08Jt.",Madura United FC,Unknown League
Kerim Palic,24 Jan 1997 (29),"Rp3,04Mlyr.",Madura United FC,Unknown League
Ilhamsyah,2 Jul 1999 (26),"Rp1,30Mlyr.",Madura United FC,Unknown League
Kemaluddin,28 Apr 1999 (26),"Rp869,08Jt.",Madura United FC,Unknown League
Feby Ramzy,4 Feb 2002 (23),"Rp869,08Jt.",Madura United FC,Unknown League
Jordy Wehrmann,25 Mar 1999 (26),"Rp5,65Mlyr.",Madura United FC,Unknown League
Paulo Sitanggang,17 Okt 1995 (30),"Rp2,17Mlyr.",Madura United FC,Unknown League
Iran Júnior,10 Okt 1995 (30),"Rp3,91Mlyr.",Madura United FC,Unknown League
Taufany Muslihuddin,24 Mar 2002 (23),"Rp2,17Mlyr.",Madura United FC,Unknown League
Lulinha,10 Apr 1990 (35),"Rp2,17Mlyr.",Madura United FC,Unknown League
Riski Afrisal,25 Apr 2006 (19),"Rp1,30Mlyr.",Madura United FC,Unknown League
Fransiskus Alesandro,12 Jul 2002 (23),"Rp1,30Mlyr.",Madura United FC,Unknown League
Jasey Wehrmann,3 Jul 2005 (20),-,Madura United FC,Unknown League
Ahmad Nufiandani,20 Nov 1994 (31),"Rp2,61Mlyr.",Madura United FC,Unknown League
Arsan Makarin,8 Feb 2001 (24),"Rp869,08Jt.",Madura United FC,Unknown League
Riquelme,2 Jul 2001 (24),"Rp6,08Mlyr.",Madura United FC,Unknown League
Aji Kusuma,30 Jan 1999 (27),"Rp1,74Mlyr.",Madura United FC,Unknown League
Yuda Editya Pratama,31 Mei 2004 (21),"Rp434,54Jt.",Madura United FC,Unknown League
Aldo Maulidino,22 Jul 1998 (27),"Rp434,54Jt.",Madura United FC,Unknown League
Junior Brandão,7 Jan 1995 (31),-,Madura United FC,Unknown League
Kadú,30 Nov 1994 (31),"Rp2,17Mlyr.",PSBS Biak,Unknown League
Andika Wisnu,18 Mar 1997 (28),"Rp434,54Jt.",PSBS Biak,Unknown League
Dimas Galih,23 Nov 1992 (33),"Rp434,54Jt.",PSBS Biak,Unknown League
Juan Madjar,9 Jan 2004 (22),-,PSBS Biak,Unknown League
Sandro Embaló,1 Mei 1996 (29),"Rp3,48Mlyr.",PSBS Biak,Unknown League
Myung-hyun Hwang,14 Nov 2001 (24),"Rp1,74Mlyr.",PSBS Biak,Unknown League
Nurhidayat,5 Apr 1999 (26),"Rp1,74Mlyr.",PSBS Biak,Unknown League
Arif Budiyono,26 Feb 1993 (32),"Rp869,08Jt.",PSBS Biak,Unknown League
Hadi Ardiansyah,1 Des 2000 (25),"Rp434,54Jt.",PSBS Biak,Unknown League
Iqbal Hadi,22 Feb 2001 (24),"Rp434,54Jt.",PSBS Biak,Unknown League
Pablo Andrade,15 Feb 1994 (31),"Rp2,61Mlyr.",PSBS Biak,Unknown League
Urbanus Lasol,9 Mar 2004 (21),"Rp869,08Jt.",PSBS Biak,Unknown League
Moses Madjar,14 Apr 2005 (20),"Rp434,54Jt.",PSBS Biak,Unknown League
Patrias Rumere,9 Feb 1988 (37),-,PSBS Biak,Unknown League
Ians Rumbewas,22 Feb 2006 (19),-,PSBS Biak,Unknown League
Lucky Oktavianto,5 Okt 1993 (32),"Rp1,30Mlyr.",PSBS Biak,Unknown League
George Brown,4 Jun 1999 (26),"Rp1,30Mlyr.",PSBS Biak,Unknown League
Claudio Olivera,28 Okt 2006 (19),-,PSBS Biak,Unknown League
Kevin Lopez,27 Sep 2000 (25),"Rp1,74Mlyr.",PSBS Biak,Unknown League
Arjuna Agung,24 Jun 2003 (22),"Rp1,30Mlyr.",PSBS Biak,Unknown League
Nelson Alom,27 Okt 1991 (34),"Rp434,54Jt.",PSBS Biak,Unknown League
Eduardo Barbosa,18 Jan 2003 (23),"Rp2,61Mlyr.",PSBS Biak,Unknown League
Yano Putra,26 Sep 2003 (22),"Rp1,74Mlyr.",PSBS Biak,Unknown League
Luquinhas,22 Apr 1997 (28),"Rp3,48Mlyr.",PSBS Biak,Unknown League
Heri Susanto,15 Jul 1994 (31),"Rp1,30Mlyr.",PSBS Biak,Unknown League
Muhammad Isa,4 Sep 1994 (31),"Rp869,08Jt.",PSBS Biak,Unknown League
Ilham Armaiyn,10 Mei 1996 (29),"Rp869,08Jt.",PSBS Biak,Unknown League
Alfan Tri,12 Feb 2005 (20),-,PSBS Biak,Unknown League
Raja Siregar,7 Jul 2004 (21),"Rp869,08Jt.",PSBS Biak,Unknown League
Ruyery Blanco,7 Des 1998 (27),"Rp4,35Mlyr.",PSBS Biak,Unknown League
Mohcine Hassan,30 Sep 1994 (31),"Rp1,74Mlyr.",PSBS Biak,Unknown League
Tobias Solossa,31 Agt 2006 (19),"Rp434,54Jt.",PSBS Biak,Unknown League
Samuel Gwijangge,5 Nov 2001 (24),"Rp434,54Jt.",PSBS Biak,Unknown League
